{"v":"5.7.4","fr":30,"ip":0,"op":125,"w":800,"h":800,"nm":"Comp 1","ddd":0,"assets":[],"fonts":{"list":[{"fName":"Helvetica-Light","fFamily":"Helvetica","fStyle":"Light","ascent":71.9985961914062}]},"layers":[{"ddd":0,"ind":1,"ty":4,"nm":"Shape Layer 1","sr":1,"ks":{"o":{"a":0,"k":100,"ix":11},"r":{"a":0,"k":0,"ix":10},"p":{"a":0,"k":[400,465,0],"ix":2,"l":2},"a":{"a":0,"k":[47.787,65,0],"ix":1,"l":2},"s":{"a":1,"k":[{"i":{"x":[0.667,0.667,0.667],"y":[1,1,1]},"o":{"x":[0.333,0.333,0.333],"y":[0,0,0]},"t":0,"s":[0,100,100]},{"i":{"x":[0.667,0.667,0.667],"y":[1,1,1]},"o":{"x":[0.333,0.333,0.333],"y":[0,0,0]},"t":60,"s":[100,100,100]},{"i":{"x":[0.667,0.667,0.667],"y":[1,1,1]},"o":{"x":[0.333,0.333,0.333],"y":[0,0,0]},"t":65,"s":[100,100,100]},{"t":125,"s":[0,100,100]}],"ix":6,"l":2}},"ao":0,"shapes":[{"ty":"gr","it":[{"ty":"rc","d":1,"s":{"a":0,"k":[443.574,14.279],"ix":2},"p":{"a":0,"k":[0,0],"ix":3},"r":{"a":0,"k":0,"ix":4},"nm":"Rectangle Path 1","mn":"ADBE Vector Shape - Rect","hd":false},{"ty":"fl","c":{"a":0,"k":[0.12549019607843137,0.0784313725490196,0.2980392156862745,1],"ix":4},"o":{"a":0,"k":100,"ix":5},"r":1,"bm":0,"nm":"Fill 1","mn":"ADBE Vector Graphic - Fill","hd":false},{"ty":"tr","p":{"a":0,"k":[47.787,65.139],"ix":2},"a":{"a":0,"k":[0,0],"ix":1},"s":{"a":0,"k":[100,100],"ix":3},"r":{"a":0,"k":0,"ix":6},"o":{"a":0,"k":100,"ix":7},"sk":{"a":0,"k":0,"ix":4},"sa":{"a":0,"k":0,"ix":5},"nm":"Transform"}],"nm":"Rectangle 1","np":3,"cix":2,"bm":0,"ix":1,"mn":"ADBE Vector Group","hd":false}],"ip":0,"op":125,"st":0,"bm":0},{"ddd":0,"ind":2,"ty":5,"nm":"COMING SOON","sr":1,"ks":{"o":{"a":0,"k":100,"ix":11},"r":{"a":0,"k":0,"ix":10},"p":{"a":0,"k":[401.599,426,0],"ix":2,"l":2},"a":{"a":0,"k":[0,0,0],"ix":1,"l":2},"s":{"a":0,"k":[100,100,100],"ix":6,"l":2}},"ao":0,"t":{"d":{"k":[{"s":{"s":100,"f":"Helvetica-Light","t":"COMING SOON","j":2,"tr":0,"lh":120,"ls":0,"fc":[0,0,0]},"t":0}]},"p":{},"m":{"g":1,"a":{"a":0,"k":[0,0],"ix":2}},"a":[]},"ip":0,"op":125,"st":0,"bm":0}],"markers":[],"chars":[{"ch":"C","size":100,"style":"Light","w":72.2,"data":{"shapes":[{"ty":"gr","it":[{"ind":0,"ty":"sh","ix":1,"ks":{"a":0,"k":{"i":[[0,0],[1.566,2.834],[2.433,1.934],[3.166,0.967],[3.666,0],[4.066,-1.366],[3,-3.033],[1.7,-4.8],[0,-6.866],[-1.134,-4.566],[-2.5,-3.466],[-3.934,-2.033],[-5.534,0],[-3.567,1.366],[-2.5,2.334],[-1.534,3.1],[-0.8,3.467],[0,0],[1.3,-2.4],[1.9,-1.766],[2.533,-1],[3.066,0],[3.266,1.867],[1.933,3.034],[0.833,3.867],[0,4],[-0.967,3.834],[-2.034,2.934],[-3.134,1.734],[-4.334,0],[-3.8,-2.6],[-1.4,-6.133]],"o":[[-0.6,-3.733],[-1.567,-2.833],[-2.434,-1.933],[-3.167,-0.966],[-4.8,0],[-4.067,1.367],[-3,3.034],[-1.7,4.8],[0,5.134],[1.133,4.567],[2.5,3.467],[3.933,2.033],[4.8,0],[3.566,-1.366],[2.5,-2.333],[1.533,-3.1],[0,0],[-0.667,2.867],[-1.3,2.4],[-1.9,1.767],[-2.534,1],[-4.934,0],[-3.267,-1.866],[-1.934,-3.033],[-0.834,-3.866],[0,-4.266],[0.966,-3.833],[2.033,-2.933],[3.133,-1.733],[6.133,0],[3.8,2.6],[0,0]],"v":[[66.2,-51.1],[62.95,-60.95],[56.95,-68.1],[48.55,-72.45],[38.3,-73.9],[25,-71.85],[14.4,-65.25],[7.35,-53.5],[4.8,-36],[6.5,-21.45],[11.95,-9.4],[21.6,-1.15],[35.8,1.9],[48.35,-0.15],[57.45,-5.7],[63.5,-13.85],[67,-23.7],[59.9,-23.7],[56.95,-15.8],[52.15,-9.55],[45.5,-5.4],[37.1,-3.9],[24.8,-6.7],[17,-14.05],[12.85,-24.4],[11.6,-36.2],[13.05,-48.35],[17.55,-58.5],[25.3,-65.5],[36.5,-68.1],[51.4,-64.2],[59.2,-51.1]],"c":true},"ix":2},"nm":"C","mn":"ADBE Vector Shape - Group","hd":false}],"nm":"C","np":3,"cix":2,"bm":0,"ix":1,"mn":"ADBE Vector Group","hd":false}]},"fFamily":"Helvetica"},{"ch":"O","size":100,"style":"Light","w":77.8,"data":{"shapes":[{"ty":"gr","it":[{"ind":0,"ty":"sh","ix":1,"ks":{"a":0,"k":{"i":[[-1.4,-4.566],[-2.8,-3.433],[-4.2,-2],[-5.534,0],[-4.2,2],[-2.8,3.434],[-1.434,4.567],[0,5.2],[1.433,4.634],[2.833,3.434],[4.233,1.967],[5.6,0],[4.133,-2],[2.8,-3.433],[1.433,-4.6],[0,-5.266]],"o":[[1.4,4.567],[2.8,3.434],[4.2,2],[5.533,0],[4.2,-2],[2.8,-3.433],[1.433,-4.566],[0,-5.266],[-1.434,-4.633],[-2.834,-3.433],[-4.234,-1.966],[-5.4,0],[-4.134,2],[-2.8,3.434],[-1.434,4.6],[0,5.2]],"v":[[7.4,-21.25],[13.7,-9.25],[24.2,-1.1],[38.8,1.9],[53.4,-1.1],[63.9,-9.25],[70.25,-21.25],[72.4,-35.9],[70.25,-50.75],[63.85,-62.85],[53.25,-70.95],[38.5,-73.9],[24.2,-70.9],[13.8,-62.75],[7.45,-50.7],[5.3,-35.9]],"c":true},"ix":2},"nm":"O","mn":"ADBE Vector Shape - Group","hd":false},{"ind":1,"ty":"sh","ix":2,"ks":{"a":0,"k":{"i":[[3.366,1.734],[2.166,2.934],[1.033,3.867],[0,4.267],[-1.034,3.867],[-2.167,2.967],[-3.367,1.8],[-4.6,0],[-3.334,-1.466],[-2.334,-2.8],[-1.234,-3.966],[0,-5],[1.033,-3.866],[2.166,-2.933],[3.366,-1.766],[4.666,0]],"o":[[-3.367,-1.733],[-2.167,-2.933],[-1.034,-3.866],[0,-4.2],[1.033,-3.866],[2.166,-2.966],[3.366,-1.8],[4.133,0],[3.333,1.467],[2.333,2.8],[1.233,3.967],[0,4.2],[-1.034,3.867],[-2.167,2.934],[-3.367,1.767],[-4.734,0]],"v":[[26.75,-6.5],[18.45,-13.5],[13.65,-23.7],[12.1,-35.9],[13.65,-48],[18.45,-58.25],[26.75,-65.4],[38.7,-68.1],[49.9,-65.9],[58.4,-59.5],[63.75,-49.35],[65.6,-35.9],[64.05,-23.8],[59.25,-13.6],[50.95,-6.55],[38.9,-3.9]],"c":true},"ix":2},"nm":"O","mn":"ADBE Vector Shape - Group","hd":false}],"nm":"O","np":5,"cix":2,"bm":0,"ix":1,"mn":"ADBE Vector Group","hd":false}]},"fFamily":"Helvetica"},{"ch":"M","size":100,"style":"Light","w":83.3,"data":{"shapes":[{"ty":"gr","it":[{"ind":0,"ty":"sh","ix":1,"ks":{"a":0,"k":{"i":[[0,0],[0,0],[0,0],[0,0],[0,0],[0,0],[0,0],[0,0],[0,0],[0,0],[0,0],[0,0],[0,0],[0,0],[0,0],[0,0]],"o":[[0,0],[0,0],[0,0],[0,0],[0,0],[0,0],[0,0],[0,0],[0,0],[0,0],[0,0],[0,0],[0,0],[0,0],[0,0],[0,0]],"v":[[14.6,0],[14.6,-64.2],[14.8,-64.2],[38.5,0],[44.9,0],[68.5,-64.2],[68.7,-64.2],[68.7,0],[75.5,0],[75.5,-72],[65.2,-72],[42,-8.5],[41.8,-8.5],[18.2,-72],[7.8,-72],[7.8,0]],"c":true},"ix":2},"nm":"M","mn":"ADBE Vector Shape - Group","hd":false}],"nm":"M","np":3,"cix":2,"bm":0,"ix":1,"mn":"ADBE Vector Group","hd":false}]},"fFamily":"Helvetica"},{"ch":"I","size":100,"style":"Light","w":27.8,"data":{"shapes":[{"ty":"gr","it":[{"ind":0,"ty":"sh","ix":1,"ks":{"a":0,"k":{"i":[[0,0],[0,0],[0,0],[0,0]],"o":[[0,0],[0,0],[0,0],[0,0]],"v":[[17.3,0],[17.3,-72],[10.5,-72],[10.5,0]],"c":true},"ix":2},"nm":"I","mn":"ADBE Vector Shape - Group","hd":false}],"nm":"I","np":3,"cix":2,"bm":0,"ix":1,"mn":"ADBE Vector Group","hd":false}]},"fFamily":"Helvetica"},{"ch":"N","size":100,"style":"Light","w":72.2,"data":{"shapes":[{"ty":"gr","it":[{"ind":0,"ty":"sh","ix":1,"ks":{"a":0,"k":{"i":[[0,0],[0,0],[0,0],[0,0],[0,0],[0,0],[0,0],[0,0],[0,0],[0,0],[0,0],[0,0]],"o":[[0,0],[0,0],[0,0],[0,0],[0,0],[0,0],[0,0],[0,0],[0,0],[0,0],[0,0],[0,0]],"v":[[56.3,0],[64.2,0],[64.2,-72],[57.4,-72],[57.4,-9.1],[57.2,-9.1],[15.6,-72],[7.9,-72],[7.9,0],[14.7,0],[14.7,-62.8],[14.9,-62.8]],"c":true},"ix":2},"nm":"N","mn":"ADBE Vector Shape - Group","hd":false}],"nm":"N","np":3,"cix":2,"bm":0,"ix":1,"mn":"ADBE Vector Group","hd":false}]},"fFamily":"Helvetica"},{"ch":"G","size":100,"style":"Light","w":77.8,"data":{"shapes":[{"ty":"gr","it":[{"ind":0,"ty":"sh","ix":1,"ks":{"a":0,"k":{"i":[[0,0],[0.433,-2.466],[1.133,-2.266],[1.666,-1.6],[1.933,-1],[2.066,-0.433],[1.933,0],[3.233,1.6],[2.233,2.734],[1.166,3.6],[0,4],[-1.034,4.234],[-2.2,3.034],[-3.4,1.667],[-4.734,0],[-2.467,-0.766],[-2,-1.433],[-1.434,-2.133],[-0.6,-2.666],[0,0],[1.8,2.834],[2.633,1.9],[3.3,0.934],[3.8,0],[4.166,-1.933],[2.766,-3.366],[1.333,-4.566],[0,-5.266],[-1.567,-4.8],[-2.8,-3.166],[-3.867,-1.6],[-4.534,0],[-2.8,0.666],[-2.134,1.234],[-1.634,1.767],[-1.267,2.134],[0,0],[0,0],[0,0],[0,0],[0,0]],"o":[[-0.067,2.734],[-0.434,2.467],[-1.2,2.334],[-1.667,1.6],[-1.934,1],[-2.067,0.434],[-4.134,0],[-3.234,-1.6],[-2.234,-2.733],[-1.167,-3.6],[0,-5.066],[1.033,-4.233],[2.2,-3.033],[3.4,-1.666],[2.666,0],[2.466,0.767],[2,1.434],[1.433,2.134],[0,0],[-0.8,-3.866],[-1.8,-2.833],[-2.634,-1.9],[-3.3,-0.933],[-5.667,0],[-4.167,1.934],[-2.767,3.367],[-1.334,4.567],[0,6.4],[1.566,4.8],[2.8,3.167],[3.866,1.6],[3.533,0],[2.8,-0.667],[2.133,-1.233],[1.633,-1.766],[0,0],[0,0],[0,0],[0,0],[0,0],[0,0]],"v":[[63,-31.4],[62.25,-23.6],[59.9,-16.5],[55.6,-10.6],[50.2,-6.7],[44.2,-4.55],[38.2,-3.9],[27.15,-6.3],[18.95,-12.8],[13.85,-22.3],[12.1,-33.7],[13.65,-47.65],[18.5,-58.55],[26.9,-65.6],[39.1,-68.1],[46.8,-66.95],[53.5,-63.65],[58.65,-58.3],[61.7,-51.1],[68.7,-51.1],[64.8,-61.15],[58.15,-68.25],[49.25,-72.5],[38.6,-73.9],[23.85,-71],[13.45,-63.05],[7.3,-51.15],[5.3,-36.4],[7.65,-19.6],[14.2,-7.65],[24.2,-0.5],[36.8,1.9],[46.3,0.9],[53.7,-1.95],[59.35,-6.45],[63.7,-12.3],[63.7,0],[69.5,0],[69.5,-37.2],[38.7,-37.2],[38.7,-31.4]],"c":true},"ix":2},"nm":"G","mn":"ADBE Vector Shape - Group","hd":false}],"nm":"G","np":3,"cix":2,"bm":0,"ix":1,"mn":"ADBE Vector Group","hd":false}]},"fFamily":"Helvetica"},{"ch":" ","size":100,"style":"Light","w":27.8,"data":{},"fFamily":"Helvetica"},{"ch":"S","size":100,"style":"Light","w":61.1,"data":{"shapes":[{"ty":"gr","it":[{"ind":0,"ty":"sh","ix":1,"ks":{"a":0,"k":{"i":[[0,0],[-1.3,-2.9],[-2.334,-1.966],[-3.2,-0.966],[-3.734,0],[-4.6,3.666],[0,6.667],[1.166,2.3],[1.933,1.467],[2.5,0.867],[2.666,0.634],[2.566,0.567],[2.133,0.9],[1.466,1.4],[0.4,2.334],[-0.534,1.867],[-1.4,1.534],[-2.367,0.967],[-3.467,0],[-2.134,-0.6],[-1.667,-1.266],[-0.967,-2],[0,-2.733],[0,0],[1,2.6],[2,1.967],[3.033,1.134],[4.066,0],[3.066,-1.066],[2.033,-1.8],[1.033,-2.333],[0,-2.466],[-1.267,-2.3],[-2.034,-1.466],[-2.634,-0.866],[-2.767,-0.633],[-2.634,-0.666],[-2.034,-1.1],[-1.267,-1.733],[0,-2.8],[0.7,-1.8],[1.466,-1.366],[2.333,-0.8],[3.2,0],[2.4,0.634],[1.833,1.4],[1.166,2.234],[0.266,3.2]],"o":[[0,3.934],[1.3,2.9],[2.333,1.967],[3.2,0.966],[8.333,0],[4.6,-3.666],[0,-3.466],[-1.167,-2.3],[-1.934,-1.466],[-2.5,-0.866],[-2.667,-0.633],[-2.567,-0.566],[-2.134,-0.9],[-1.467,-1.4],[-0.334,-1.866],[0.533,-1.866],[1.4,-1.533],[2.366,-0.966],[2.266,0],[2.133,0.6],[1.666,1.267],[0.966,2],[0,0],[0,-2.933],[-1,-2.6],[-2,-1.966],[-3.034,-1.133],[-4,0],[-3.067,1.067],[-2.034,1.8],[-1.034,2.334],[0,3.534],[1.266,2.3],[2.033,1.467],[2.633,0.867],[2.766,0.634],[2.633,0.667],[2.033,1.1],[1.266,1.734],[0,2],[-0.7,1.8],[-1.467,1.367],[-2.334,0.8],[-2.734,0],[-2.4,-0.633],[-1.834,-1.4],[-1.167,-2.233],[0,0]],"v":[[4.3,-21.5],[6.25,-11.25],[11.7,-3.95],[20,0.45],[30.4,1.9],[49.8,-3.6],[56.7,-19.1],[54.95,-27.75],[50.3,-33.4],[43.65,-36.9],[35.9,-39.15],[28.05,-40.95],[21,-43.15],[15.6,-46.6],[12.8,-52.2],[13.1,-57.8],[16,-62.9],[21.65,-66.65],[30.4,-68.1],[37,-67.2],[42.7,-64.4],[46.65,-59.5],[48.1,-52.4],[54.6,-52.4],[53.1,-60.7],[48.6,-67.55],[41.05,-72.2],[30.4,-73.9],[19.8,-72.3],[12.15,-68],[7.55,-61.8],[6,-54.6],[7.9,-45.85],[12.85,-40.2],[19.85,-36.7],[27.95,-34.45],[36.05,-32.5],[43.05,-29.85],[48,-25.6],[49.9,-18.8],[48.85,-13.1],[45.6,-8.35],[39.9,-5.1],[31.6,-3.9],[23.9,-4.85],[17.55,-7.9],[13.05,-13.35],[10.9,-21.5]],"c":true},"ix":2},"nm":"S","mn":"ADBE Vector Shape - Group","hd":false}],"nm":"S","np":3,"cix":2,"bm":0,"ix":1,"mn":"ADBE Vector Group","hd":false}]},"fFamily":"Helvetica"}]}