{"v":"4.8.0","meta":{"g":"LottieFiles AE 3.1.1","a":"","k":"","d":"","tc":""},"fr":30,"ip":0,"op":90,"w":1000,"h":1000,"nm":"Success","ddd":0,"assets":[],"layers":[{"ddd":0,"ind":1,"ty":4,"nm":"tick Outlines","sr":1,"ks":{"o":{"a":0,"k":100,"ix":11},"r":{"a":0,"k":0,"ix":10},"p":{"a":1,"k":[{"i":{"x":0,"y":1},"o":{"x":1,"y":0},"t":12,"s":[500,498.175,0],"to":[2.667,3.333,0],"ti":[-2.667,-3.333,0]},{"i":{"x":0.667,"y":0.667},"o":{"x":0.626,"y":0.626},"t":25,"s":[516,518.175,0],"to":[0,0,0],"ti":[0,0,0]},{"i":{"x":0,"y":1},"o":{"x":1,"y":0},"t":70,"s":[516,518.175,0],"to":[-2.667,-4.415,0],"ti":[2.667,4.415,0]},{"t":84,"s":[500,491.682,0]}],"ix":2},"a":{"a":0,"k":[345.75,275.582,0],"ix":1},"s":{"a":1,"k":[{"i":{"x":[0.833,0.833,0.833],"y":[0.833,0.833,0.833]},"o":{"x":[0.167,0.167,0.167],"y":[0.167,0.167,0.167]},"t":10,"s":[0,0,100]},{"i":{"x":[0,0,0.667],"y":[1,1,1]},"o":{"x":[0.167,0.167,0.167],"y":[0.167,0.167,-0.972]},"t":11,"s":[11,11,100]},{"i":{"x":[0,0,0.667],"y":[1,1,1]},"o":{"x":[0.303,0.303,0.333],"y":[0,0,0]},"t":12,"s":[25,25,100]},{"i":{"x":[0.667,0.667,0.667],"y":[1,1,1]},"o":{"x":[0.333,0.333,0.333],"y":[0,0,0]},"t":25,"s":[100,100,100]},{"i":{"x":[0.667,0.667,0.667],"y":[1,1,1]},"o":{"x":[0.333,0.333,0.333],"y":[0,0,0]},"t":70,"s":[100,100,100]},{"t":84,"s":[0,0,100]}],"ix":6}},"ao":0,"shapes":[{"ty":"gr","it":[{"ind":0,"ty":"sh","ix":1,"ks":{"a":0,"k":{"i":[[0,0],[0,0],[-3.46,3.459],[0,0]],"o":[[0,0],[3.459,3.459],[0,0],[0,0]],"v":[[-208.249,3.356],[-76.982,134.623],[-64.454,134.623],[208.249,-138.082]],"c":false},"ix":2},"nm":"Path 1","mn":"ADBE Vector Shape - Group","hd":false},{"ty":"st","c":{"a":0,"k":[1,1,1,1],"ix":3},"o":{"a":0,"k":100,"ix":4},"w":{"a":0,"k":55,"ix":5},"lc":2,"lj":2,"bm":0,"nm":"Stroke 1","mn":"ADBE Vector Graphic - Stroke","hd":false},{"ty":"tr","p":{"a":0,"k":[345.749,275.582],"ix":2},"a":{"a":0,"k":[0,0],"ix":1},"s":{"a":0,"k":[100,100],"ix":3},"r":{"a":0,"k":0,"ix":6},"o":{"a":0,"k":100,"ix":7},"sk":{"a":0,"k":0,"ix":4},"sa":{"a":0,"k":0,"ix":5},"nm":"Transform"}],"nm":"Group 1","np":2,"cix":2,"bm":0,"ix":1,"mn":"ADBE Vector Group","hd":false},{"ty":"tm","s":{"a":0,"k":0,"ix":1},"e":{"a":0,"k":100,"ix":2},"o":{"a":0,"k":0,"ix":3},"m":1,"ix":2,"nm":"Trim Paths 1","mn":"ADBE Vector Filter - Trim","hd":false},{"ty":"tm","s":{"a":1,"k":[{"i":{"x":[0],"y":[1]},"o":{"x":[1],"y":[0]},"t":70,"s":[0]},{"t":84,"s":[50]}],"ix":1},"e":{"a":1,"k":[{"i":{"x":[0],"y":[1]},"o":{"x":[0.14],"y":[0]},"t":20,"s":[0]},{"i":{"x":[0.658],"y":[1]},"o":{"x":[0.167],"y":[0]},"t":40,"s":[100]},{"i":{"x":[0],"y":[1]},"o":{"x":[1],"y":[0]},"t":70,"s":[100]},{"t":84,"s":[50]}],"ix":2},"o":{"a":0,"k":0,"ix":3},"m":1,"ix":3,"nm":"Trim Paths 2","mn":"ADBE Vector Filter - Trim","hd":false}],"ip":0,"op":90,"st":0,"bm":0},{"ddd":0,"ind":2,"ty":4,"nm":"Shape Layer 1","sr":1,"ks":{"o":{"a":0,"k":100,"ix":11},"r":{"a":0,"k":0,"ix":10},"p":{"a":0,"k":[499.286,489.774,0],"ix":2},"a":{"a":0,"k":[-39.258,-12.281,0],"ix":1},"s":{"a":1,"k":[{"i":{"x":[0,0,0.667],"y":[1,1,1]},"o":{"x":[1,1,0.333],"y":[0,0,0]},"t":0,"s":[0,0,100]},{"i":{"x":[0,0,0.667],"y":[1,1,1]},"o":{"x":[0.167,0.167,0.167],"y":[0,0,0]},"t":25,"s":[170,170,100]},{"i":{"x":[0,0,0.667],"y":[1,1,1]},"o":{"x":[1,1,0.167],"y":[0,0,0]},"t":70,"s":[170,170,100]},{"t":89,"s":[0,0,100]}],"ix":6}},"ao":0,"ef":[{"ty":5,"nm":"CC Light Sweep","np":11,"mn":"CC Light Sweep","ix":1,"en":1,"ef":[{"ty":3,"nm":"Center","mn":"CC Light Sweep-0001","ix":1,"v":{"a":1,"k":[{"i":{"x":0,"y":1},"o":{"x":0.25,"y":0},"t":40,"s":[-236,250],"to":[198.667,0],"ti":[-198.667,0]},{"t":56,"s":[956,250]}],"ix":1}},{"ty":0,"nm":"Direction","mn":"CC Light Sweep-0002","ix":2,"v":{"a":0,"k":-30,"ix":2}},{"ty":7,"nm":"Shape","mn":"CC Light Sweep-0003","ix":3,"v":{"a":0,"k":3,"ix":3}},{"ty":0,"nm":"Width","mn":"CC Light Sweep-0004","ix":4,"v":{"a":0,"k":100,"ix":4}},{"ty":0,"nm":"Sweep Intensity","mn":"CC Light Sweep-0005","ix":5,"v":{"a":0,"k":50,"ix":5}},{"ty":0,"nm":"Edge Intensity","mn":"CC Light Sweep-0006","ix":6,"v":{"a":0,"k":60,"ix":6}},{"ty":0,"nm":"Edge Thickness","mn":"CC Light Sweep-0007","ix":7,"v":{"a":0,"k":0,"ix":7}},{"ty":2,"nm":"Light Color","mn":"CC Light Sweep-0008","ix":8,"v":{"a":0,"k":[0.200837448239,0.88014703989,0.543253660202,1],"ix":8}},{"ty":7,"nm":"Light Reception","mn":"CC Light Sweep-0009","ix":9,"v":{"a":0,"k":2,"ix":9}}]}],"shapes":[{"ty":"gr","it":[{"ty":"sr","sy":1,"d":3,"pt":{"a":1,"k":[{"i":{"x":[0],"y":[1]},"o":{"x":[0],"y":[0]},"t":10,"s":[3]},{"i":{"x":[0],"y":[1]},"o":{"x":[0.167],"y":[0]},"t":25,"s":[8]},{"i":{"x":[0.833],"y":[1]},"o":{"x":[0.167],"y":[0]},"t":70,"s":[8]},{"t":84,"s":[3]}],"ix":3},"p":{"a":0,"k":[0,0],"ix":4},"r":{"a":1,"k":[{"i":{"x":[0.265],"y":[1]},"o":{"x":[0.504],"y":[0]},"t":15,"s":[-80]},{"i":{"x":[0.889],"y":[1]},"o":{"x":[0.11],"y":[0]},"t":40,"s":[15]},{"i":{"x":[0.889],"y":[1]},"o":{"x":[0.167],"y":[0]},"t":45,"s":[0]},{"i":{"x":[0.265],"y":[1]},"o":{"x":[0.167],"y":[0]},"t":60,"s":[0]},{"i":{"x":[0.667],"y":[1]},"o":{"x":[0.167],"y":[0]},"t":65,"s":[15]},{"t":89,"s":[-80]}],"ix":5},"ir":{"a":1,"k":[{"i":{"x":[0.398],"y":[1]},"o":{"x":[0.885],"y":[0]},"t":14,"s":[206]},{"t":20,"s":[200]}],"ix":6},"is":{"a":0,"k":60,"ix":8},"or":{"a":0,"k":230,"ix":7},"os":{"a":0,"k":100,"ix":9},"ix":1,"nm":"Polystar Path 1","mn":"ADBE Vector Shape - Star","hd":false},{"ty":"st","c":{"a":0,"k":[1,1,1,1],"ix":3},"o":{"a":0,"k":100,"ix":4},"w":{"a":0,"k":0,"ix":5},"lc":1,"lj":1,"ml":4,"bm":0,"nm":"Stroke 1","mn":"ADBE Vector Graphic - Stroke","hd":false},{"ty":"fl","c":{"a":0,"k":[0.043137000589,0.525489956725,0.286274988511,1],"ix":4},"o":{"a":0,"k":100,"ix":5},"r":1,"bm":0,"nm":"Fill 1","mn":"ADBE Vector Graphic - Fill","hd":false},{"ty":"tr","p":{"a":0,"k":[-39.258,10.004],"ix":2},"a":{"a":0,"k":[0,0],"ix":1},"s":{"a":0,"k":[100,100],"ix":3},"r":{"a":0,"k":0,"ix":6},"o":{"a":0,"k":100,"ix":7},"sk":{"a":0,"k":0,"ix":4},"sa":{"a":0,"k":0,"ix":5},"nm":"Transform"}],"nm":"Polystar 1","np":3,"cix":2,"bm":0,"ix":1,"mn":"ADBE Vector Group","hd":false}],"ip":0,"op":90,"st":0,"bm":0}],"markers":[]}